address,latlng,name,storeType
基隆市仁愛區仁二路214號,"25.128972,121.7444323",基隆仁二(服務中心),直營
基隆市仁愛區愛三路51號1樓,"25.1284373,121.7424894",基隆愛三(服務中心),直營
台北市大同區民生西路87號,"25.0575978,121.51949650000006",台北雙連(服務中心),直營
台北市大同區重慶北路三段247號,"25.071364,121.514056",台北重慶北(服務中心),直營
台北市大同區延平北路三段14號,"25.0637888,121.5111626",台北延三(服務中心),直營
台北市中山區農安街16號,"25.0649175,121.52454639999996",台北農安(服務中心),直營
台北市中山區民權東路三段69號1樓,"25.0625442,121.54343670000003",台北民權東(服務中心),直營
台北市中山區北安路571號,"25.080933,121.548267",大直北安(服務中心),直營
台北市中山區林森北路261-3號,"25.0545581,121.5254482",台北林森(服務中心),直營
台北市中山區民權西路56之1號,"25.0626034,121.5202947",台北民權西(服務中心),直營
基隆市信義區深溪路147號,"25.1347351,121.7827253",基隆_深溪(特約服務中心)2,特約
台北市松山區八德路三段131號,"25.0482375,121.5545378",台北八德(服務中心),直營
台北市松山區八德路四段685號1樓,"25.0499747,121.57672130000003",台北饒河(服務中心),直營
台北市松山區民生東路五段122號,"25.058783,121.559944",台北民生東(服務中心),直營
台北市中正區公園路28-1號1樓及B1,"25.044758,121.516933",台北公園(服務中心),直營
台北市中正區南昌路一段63號,"25.0310744,121.5173768",台北南昌(服務中心),直營
基隆市安樂區安一路121號,"25.131728,121.734289",基隆_安一(特約服務中心)2,特約
基隆市中正區義一路42號,"25.1327017,121.7456491",基隆義一(服務中心),直營
基隆市七堵區明德一路194號,"25.097524,121.71285",基隆_明德(特約服務中心)2,特約
台北市萬華區萬大路269號,"25.0256324,121.50066500000003",台北萬大(服務中心),直營
台北市萬華區西園路一段154號1樓,"25.0373177,121.499369",台北龍山寺(服務中心),直營
台北市萬華區西寧南路42號,"25.0445896,121.5064554",台北西門(服務中心),直營
台北市大安區忠孝東路三段220號1樓,"25.0413459,121.54028199999993",台北忠孝(服務中心),直營
台北市大安區信義路四段26號1樓,"25.0332287,121.5445211",台北信義(服務中心),直營
台北市大安區通化街42號,"25.0307527,121.5542366",台北通化(服務中心)2,直營
台北市大安區信義路二段108號,"25.0339796,121.5277491",台北永康(服務中心),直營
台北市大安區和平東路一段19號,"25.0271283,121.5228375",台北古亭(服務中心),直營
台北市大安區和平東路三段258號,"25.0215199,121.5553236",台北六張犁(服務中心),直營
台北市大安區延吉街122號,"25.0404238,121.5546992",台北延吉(服務中心),直營
台北市大安區羅斯福路三段291號,"25.017761,121.531583",台北公館(服務中心),直營
台北市信義區忠孝東路五段532號1樓,"25.04158,121.57959099999994",台北永春(服務中心),直營
台北市信義區莊敬路461號,"25.0269847,121.56775240000002",台北莊敬(服務中心),直營
台北市信義區松山路532號,"25.037968,121.5781559",台北松山(服務中心)2,直營
台北市信義區光復南路439號,"25.0356717,121.5577248",台北光復(服務中心),直營
台北市信義區永吉路380號1樓,"25.0453919,121.5774002",台北_永吉(特約服務中心)2,特約
台北市士林區中正路298號,"25.0950056,121.52416700000003",台北士林(服務中心),直營
台北市士林區天母西路35號,"25.1185808,121.52764209999998",台北天母(服務中心)2,直營
台北市士林區延平北路五段259號,"25.0849827,121.50963189999993",台北延平北(服務中心)2,直營
台北市士林區德行東路197之1號,"25.1090874,121.5319699",士林德行東(服務中心),直營
台北市士林區文林路152號,"25.0889815,121.5267453",士林夜市(服務中心)2,直營
台北市內湖區東湖路136號1樓,"25.0679686,121.61676590000002",台北東湖(服務中心),直營
台北市內湖區成功路四段54號,"25.0820612,121.5921949",內湖成功(服務中心)2,直營
台北市內湖區內湖路一段315號,"25.0821952,121.5676168",台北西湖(服務中心),直營
台北市北投區光明路167之1號,"25.1358933,121.5036417",北投光明(服務中心),直營
台北市北投區石牌路二段39號1樓,"25.1160965,121.51564069999995",台北石牌(服務中心),直營
台北市北投區明德路109號,"25.109692,121.5197737",北投明德(服務中心),直營
台北市北投區中和街296號,"25.1406428,121.5001522",北投中和(服務中心),直營
台北市南港區忠孝東路六段390號1樓,"25.0500121,121.59297240000001",台北昆陽(服務中心),直營
台北市南港區南港路一段145號,"25.055085,121.613853",台北南港(服務中心),直營
台北市南港區玉成街132號,"25.0450075,121.5830008",台北後山埤(服務中心),直營
台北市文山區興隆路三段132號,"24.9988919,121.55784760000006",台北萬芳(服務中心),直營
台北市文山區羅斯福路六段226號,"24.9927028,121.54047800000001",台北景美(服務中心),直營
台北市文山區木柵路三段87號,"24.988832,121.56775",台北木柵(服務中心),直營
台北市文山區木新路3段182號,"24.9816456,121.560474",台北木新(服務中心),直營
新北市汐止區中興路192號,"25.065862,121.63164499999993",汐止中興(服務中心),直營
新北市汐止區忠孝東路293號,"25.068760,121.664131",汐止忠孝東(服務中心),直營
新北市汐止區新台五路一段198號,"25.062735,121.655195",汐止新台(服務中心),直營
新北市板橋區文化路二段396號1樓,"25.0313167,121.4739131",板橋江子翠(服務中心),直營
新北市板橋區中山路二段144號,"25.016921,121.47655299999997",板橋埔墘(服務中心),直營
新北市板橋區府中路83號,"25.009362,121.45725100000004",板橋府中(服務中心),直營
新北市板橋區四川路一段257號,"25.002642, 121.459745",板橋四川(服務中心),直營
新北市板橋區四維路288號,"25.029496, 121.463060",板橋四維(服務中心),直營
新北市板橋區文化路一段290號,"25.0216037,121.4674492",板橋新埔(服務中心),直營
新北市板橋區四川路二段43號,"24.9953805,121.4541017",板橋亞東(服務中心),直營
新北市板橋區中正路192號,"25.0179009,121.4560625",板橋中正(服務中心),直營
新北市板橋區三民路二段139號,"25.0152034,121.4793863",板橋_三民(特約服務中心)3,特約
新北市板橋區南雅南路一段64號,"25.0052851,121.45540860000006",板橋_南雅南(特約服務中心)2,特約
新北市新店區中正路145號1樓,"24.9716459,121.54139800000007",新店中正(服務中心),直營
新北市新店區北新路二段149號,"24.975989,121.54271",新店七張(服務中心),直營
新北市新店區安康路二段171號,"24.9606042,121.5119127",新店安康(服務中心),直營
新北市新店區北新路三段152號1樓,"24.9826577,121.5414458",新店北新(服務中心),直營
新北市新店區北新路一段257號1樓,"24.9663677,121.5385823",新店_區公所(特約服務中心),特約
新北市新店區中正路323號1樓,"24.9752124,121.5362796",新店_耕莘(特約服務中心),特約
新北市永和區中正路306號,"24.9992291,121.51739220000002",永和中正(服務中心),直營
新北市永和區得和路377號,"24.999413,121.5248",永和得和(服務中心),直營
新北市永和區福和路180號,"25.008233, 121.520585",永和福和(服務中心)2,直營
新北市永和區中山路一段206號,"25.0086005,121.5086963",永和中山(服務中心),直營
新北市永和區永和路一段160號,"25.0085388,121.5140378",永和樂華(服務中心),直營
新北市永和區永和路二段205號,"25.0137564,121.5153248",永和頂溪(服務中心)2,直營
新北市中和區中和路442號,"25.003603,121.511985",中和永安(服務中心),直營
新北市中和區中和路157號,"24.9997934,121.5026806",中和中和(服務中心),直營
新北市中和區連城路328號1樓,"24.9959191,121.4832368",中和連城(服務中心),直營
新北市中和區景安路175-1號,"24.9940311,121.5052408",中和景安(服務中心),直營
新北市中和區興南路一段70號,"24.9901606,121.5105969",中和南勢角(服務中心),直營
新北市中和區員山路275號1樓,"24.999554,121.48118199999999",中和_員山二(特約服務中心),特約
新北市中和區中山路3段139號,"25.006004,121.474038",中和_環球(特約服務中心),特約
新北市樹林區中山路一段14號,"24.992779,121.42404299999998",樹林中山(服務中心),直營
新北市三峽區大學路162號,"24.9470829,121.3721078",三峽北大(服務中心),直營
新北市三峽區民生街106-1號,"24.935295,121.373346",三峽民生(服務中心),直營
新北市三峽區復興路46-1號,"24.9369614,121.37377949999996",三峽_復興(特約服務中心),特約
新北市土城區裕民路135號,"24.9864268,121.45160370000008",土城裕民(服務中心),直營
新北市土城區中央路二段228號,"24.9752255,121.4420455",土城中央(服務中心),直營
新北市土城區明德路一段12號,"24.9851603,121.4648208",土城明德(服務中心),直營
新北市土城區中央路二段99號,"24.977859,121.44232920000002",大呼小叫-土城_中央二(特約服務中心),特約
新北市土城區金城路三段169號,"24.987534,121.46741429999997",土城_金城三(特約服務中心),特約
新北市土城區學府路一段60號1樓,"24.9885061,121.45723670000007",土城_學府(特約服務中心)3,特約
新北市鶯歌區建國路219號,"24.95342,121.34852799999999",大呼小叫-鶯歌_建國二(特約服務中心),特約
新北市新莊區中平路371號1樓及地下室,"25.052307,121.444537",新莊中平(服務中心),直營
新北市新莊區民安西路222號,"25.0145951,121.4257865",新莊西盛(服務中心),直營
新北市新莊區昌平街36號,"25.053086, 121.454896",新莊昌平(服務中心),直營
新北市新莊區幸福路657號1F及B1,"25.0491989,121.4509539",新莊幸福(服務中心),直營
新北市新莊區富國路55號1樓,"25.0260988,121.4194483",新莊富國(服務中心),直營
新北市新莊區新泰路280號,"25.0404534,121.4457698",新莊球場(服務中心),直營
新北市新莊區化成路205號之1,"25.0510748,121.4660047",新莊化成(服務中心),直營
新北市新莊區新泰路38號,"25.0342584,121.44961149999995",新莊新泰(服務中心),直營
新北市新莊區幸福路18號,"25.0495164,121.45898299999999",大呼小叫-新莊_幸福三(特約服務中心),特約
新北市新莊區富國路121號,"25.024695,121.424264",大呼小叫-新莊_富國三(特約服務中心),特約
新北市泰山區明志路三段189號,"25.038972,121.4242961",泰山明新(服務中心),直營
新北市泰山區泰林路二段183號,"25.0610589,121.4334892",泰山泰林(服務中心),直營
新北市三重區重新路二段3號1樓,"25.0629189,121.49903399999994",三重重新(服務中心),直營
新北市三重區中正北路346號,"25.0692654,121.47764919999997",三重中正北(服務中心),直營
新北市三重區正義北路155號,"25.0670965,121.49661470000001",三重正義北(服務中心),直營
新北市三重區三和路二段14之2號1樓、2樓,"25.0671497,121.5009174",三重三和(服務中心)2,直營
新北市三重區五華街69號,"25.0827083,121.4925313",三重五華(服務中心),直營
新北市三重區三和路四段209號,"25.0795588,121.48173599999996",大呼小叫-三重_三和二(特約服務中心)2,特約
新北市林口區仁愛路二段18號,"25.0761595,121.3856099",林口仁愛(服務中心),直營
新北市蘆洲區中山二路118號,"25.0817093,121.4721669",蘆洲中山(服務中心),直營
新北市蘆洲區民族路129號,"25.0873383,121.47968909999997",蘆洲民族(服務中心),直營
新北市蘆洲區光華路105號1樓,"25.0825353,121.4670035",蘆洲光華(服務中心),直營
新北市蘆洲區長榮路282號,"25.0866679,121.460029",蘆洲長榮(服務中心),直營
新北市蘆洲區長安街158號,"25.082846,121.45959849999997",大呼小叫-蘆洲_長安(特約服務中心)2,特約
新北市五股區成泰路二段174號,"25.0838646,121.43814700000007",大呼小叫-五股_成泰(特約服務中心)2,特約
新北市淡水區英專路8號,"25.1692426,121.44538579999994",淡水英專(服務中心),直營
新北市淡水區民族路14號,"25.1366152,121.4608337",淡水竹圍(服務中心),直營
新北市淡水區中山北路一段76號,"25.1761002,121.4422363",淡水中山北(服務中心),直營
宜蘭縣宜蘭市中山路三段27號,"24.7559829,121.7521243",宜蘭中山(服務中心),直營
宜蘭縣羅東鎮興東路74號1-3樓,"24.6792205,121.76894089999996",宜蘭羅東(服務中心),直營
宜蘭縣羅東鎮興東南路305號,"24.6745984,121.76735389999999",羅東_興東南(特約服務中心)2,特約
宜蘭縣蘇澳鎮中山路一段22號1樓,"24.5961287,121.8526068",蘇澳_中山(特約服務中心),特約
新竹市東區中央路166-2號,"24.8085237,120.97360079999999",新竹中央(服務中心),直營
新竹市東區南大路345號1樓,"24.7974355,120.96950319999996",新竹南大(服務中心),直營
新竹市東區光復路一段193號,"24.7817341,121.021797",新竹光復(服務中心),直營
新竹市東區林森路69號,"24.8012296,120.9677104",新竹林森(服務中心),直營
新竹市東區光復路二段198號,"24.7940528,121.0003509",新竹_光復三(特約服務中心),特約
新竹市北區中正路249號,"24.8128232,120.9638409",新竹中正(服務中心),直營
新竹市北區西大路442號,"24.804129,120.96369600000003",新竹_西大(特約服務中心)3,特約
新竹縣湖口鄉中山路二段162號,"24.9029106,121.0443743",湖口_站前(特約服務中心),特約
新竹縣竹北市三民路342號1樓,"24.8348802,121.0089185",竹北三民(服務中心),直營
新竹縣竹北市縣政九路157-1號,"24.828336,121.010371",竹北縣政(服務中心),直營
新竹縣竹東鎮長春路三段180號,"24.7436994,121.0834649",竹東長春(服務中心),直營
新竹縣竹東鎮長春路二段4號,"24.7371297,121.0890359",竹東_長春(特約服務中心),特約
桃園市中壢區中華路一段230號,"24.9732285,121.2587953",內壢中華(服務中心),直營
桃園市中壢區元化路二段9號,"24.962417,121.2225863",元化新生(服務中心),直營
桃園市中壢區復興路73號,"24.956332,121.2247313",中壢復興(服務中心),直營
桃園市中壢區中山東路二段96號,"24.9533812,121.2384862",中壢中山東(服務中心),直營
桃園市中壢區健行路161號,"24.9488126,121.2275734",中壢健行(服務中心),直營
桃園市中壢區龍東路303號,"24.9315839,121.2547963",中壢_龍東(特約服務中心)2,特約
桃園市中壢區元化路1號,"24.9561121,121.22711700000002",中壢_元化(特約服務中心),特約
桃園市中壢區中正路310號1樓,"24.9553685,121.21782780000001",中壢_中正(特約服務中心)2,特約
桃園市中壢區忠孝路59號,"24.9737388,121.25625309999998",內壢_忠孝 (特約服務中心)2,特約
桃園市中壢區榮民路99號1樓,"24.968222,121.2608173",內壢_榮民(特約服務中心),特約
桃園市平鎮區中豐路山頂段178號,"24.9001304,121.2110425",平鎮中豐(服務中心),直營
桃園市平鎮區和平路178號,"24.9466039,121.219641",平鎮和平(服務中心),直營
桃園市龍潭區北龍路186號1樓,"24.866619,121.21540400000004",龍潭_北龍(特約服務中心)1,特約
桃園市楊梅區中興路28號,"24.9186259,121.1841371",楊梅中興(服務中心),直營
桃園市楊梅區大成路145號,"24.9114,121.1457669",楊梅_大成(特約服務中心)4,特約
桃園市龜山區文化二路65號,"25.056235, 121.367929",龜山文化(服務中心),直營
桃園市龜山區中興路378號,"24.99269,121.3360973",龜山中興(服務中心),直營
桃園市龜山區萬壽路一段238號,"25.0178754,121.4046813",迴龍_萬壽(特約服務中心)2,特約
桃園市龜山區萬壽路二段1155號1樓,"24.9935624,121.3327464",龜山_萬壽(特約服務中心)5,特約
桃園市桃園區中正路104號,"24.9931585,121.31214120000004",桃園中正(服務中心),直營
桃園市桃園區中正路1208號1樓,"25.0183116,121.29766940000002",桃園藝文中心(服務中心),直營
桃園市桃園區中正路490號1樓,"25.0022171,121.30648450000001",桃園夜市(服務中心),直營
桃園市桃園區寶山街163號1樓之2,"25.012531,121.316881",桃園寶山(服務中心),直營
桃園市桃園區成功路二段90號,"24.9939745,121.3162896",桃園成功(服務中心),直營
桃園市桃園區龍安街92號1樓,"24.9892861,121.2801308",桃園龍安(服務中心),直營
桃園市桃園區中平路21號,"24.989995,121.292207",桃園中平(服務中心),直營
桃園市桃園區國際路一段1112號1樓,"24.9870742,121.2892122",桃園_國際(特約服務中心)3,特約
桃園市桃園區大業路一段418號1樓,"25.01455,121.3117576",桃園_大業(特約服務中心)2,特約
桃園市桃園區桃鶯路144號1樓,"24.983655,121.318453",桃園_桃鶯(特約服務中心)2,特約
桃園市八德區桃鶯路27號,"24.9714408,121.3266861",八德桃鶯(服務中心),直營
桃園市八德區介壽路一段1017號,"24.9581463,121.2993436",八德大湳(服務中心),直營
桃園市八德區介壽路一段851號,"24.9613339,121.299939",八德_介壽(特約服務中心),特約
桃園市八德區介壽路二段1190號1樓,"24.9312513,121.29719840000007",八德_更寮腳(特約服務中心),特約
桃園市大園區航站南路9號(1.只受理國外旅客預付卡2.位在管制區之內),"25.077012,121.23197600000003",桃園機場二航站(服務中心),直營
桃園市大園區航站南路15號(1.只受理國外旅客預付卡2.位在管制區之內),"25.081227, 121.237003",桃園機場一航站(服務中心),直營
桃園市大園區中山北路58號,"25.0651553,121.1970406",桃園大園(服務中心),直營
苗栗縣頭份市中正路181號1樓,"24.687005,120.9105778",頭份_中正(特約服務中心),特約
桃園市蘆竹區南崁路264號,"25.0494369,121.2930701",蘆竹南崁(服務中心),直營
桃園市蘆竹區南竹路一段47號,"25.0467604,121.2910485",蘆竹南竹(服務中心),直營
桃園市蘆竹區大竹路421號,"25.0214907,121.2631874",蘆竹_大竹(特約服務中心)2,特約
桃園市蘆竹區忠孝西路60號1樓,"25.0420735,121.2905935",南崁_忠孝(特約服務中心),特約
苗栗縣竹南鎮博愛街159號,"24.686894, 120.874635",竹南_博愛(特約服務中心)2,特約
苗栗縣苗栗市中正路581號,"24.5572097,120.82050140000001",苗栗中正(服務中心),直營
苗栗縣苗栗市府前路169號,"24.5599542,120.817967",苗栗府前(服務中心),直營
苗栗縣後龍鎮中山路59-1號,"24.614866,120.7895198",後龍_中山(特約服務中心),特約
台中市南區美村南路187號,"24.115421,120.666654",台中美村南(服務中心)2,直營
台中市南區復興路一段319-21號,"24.1141176,120.6536858",台中大慶(服務中心),直營
台中市南區復興路一段481號,"24.1173824,120.6578014",台中復興二(服務中心),直營
台中市南區復興路三段260號1樓,"24.1318826,120.6769102",台中_復興三(特約服務中心),特約
台中市東區十甲路379號,"24.1447699,120.70735960000002",台中十甲(服務中心),直營
台中市東區台中路169號,"24.1303438,120.6849752",台中台中(服務中心),直營
台中市東區精武東路107號,"24.1493649,120.7095512",太平精武(服務中心),直營
台中市東區復興路四段22號1樓,"24.1346945,120.6835192",台中_復興(特約服務中心)3,特約
台中市北區北平路二段176號,"24.1712196,120.67773609999995",台中北平(服務中心),直營
台中市北區學士路157之1號1樓,"24.1592978,120.68119460000003",台中學士(服務中心),直營
台中市北區崇德路一段643號,"24.1678812,120.6851272",台中崇德(服務中心),直營
台中市北區太平路87號,"24.1479198,120.6837546",台中一中(服務中心),直營
台中市北屯區東山路一段239之4、5號,"24.175875, 120.717292",台中東山(服務中心),直營
台中市北屯區中清路二段348-350號,"24.1790108,120.668105",台中水湳(服務中心),直營
台中市北屯區興安路一段227號,"24.1714264,120.694225",北屯興安(服務中心),直營
台中市北屯區松竹路二段186號,"24.1834206,120.6952588",北屯松竹(服務中心),直營
台中市北屯區中清路二段62號,"24.1749762,120.6711228",台中_中清(特約服務中心)2,特約
台中市北屯區北屯路188號,"24.1656431,120.69507580000004",台中_北屯(特約服務中心)2,特約
台中市北屯區昌平路一段274號1樓,"24.172492,120.690904",台中_昌平(特約服務中心)2,特約
台中市南屯區大墩路506號1樓,"24.148645,120.65015599999992",台中大墩(服務中心),直營
台中市南屯區黎明路一段1039號,"24.1382767,120.6375539",台中黎明(服務中心),直營
台中市南屯區大墩路259號1F,"24.1429578,120.6498887",南屯大墩(服務中心),直營
台中市南屯區黎明路二段311號1樓,"24.1494118,120.6331343",台中_黎明(特約服務中心)2,特約
台中市南屯區東興路三段267號1樓,"24.153596,120.6530207",台中_東興(特約服務中心),特約
台中市太平區中興路17號1樓,"24.128536,120.71776",太平中興(服務中心),直營
台中市太平區中山路三段190號,"24.1488002,120.7170434",太平中山二(服務中心),直營
台中市太平區樹孝路101號,"24.1520658,120.7172653",太平_樹孝(特約服務中心),特約
台中市太平區太平路600號1樓,"24.1258365,120.7125641",太平_太平(特約服務中心)3,特約
台中市太平區中山路四段166號1樓,"24.1481857,120.7034229",太平_中山(特約服務中心)3,特約
台中市太平區太平路196號1樓,"24.1210949,120.7199999",太平_太平二(特約服務中心),特約
台中市西屯區河南路二段259號,"24.1739352,120.6478525",台中河南(服務中心),直營
台中市西屯區中工三路88號,"24.1793062,120.6190006",台中中工(服務中心),直營
台中市西屯區漢口路二段330-1號,"24.1668163,120.6651207",西屯漢口(服務中心),直營
台中市西屯區永福路155-1號,"24.1855581,120.6214527",台中永福(服務中心),直營
台中市西屯區逢甲路161號1樓,"24.1779902,120.6425546",台中_逢甲(特約服務中心)2,特約
台中市西屯區西屯路三段159之16號1樓,"24.1877102,120.6189981",台中_西屯二(特約服務中心)3,特約
台中市西區公益路256號(整棟),"24.1509276,120.6547778",台中公益(服務中心),直營
台中市西區美村路一段758號,"24.1337836,120.6616846",西區美村(服務中心),直營
台中市大里區大明路334號,"24.1151849,120.68102199999998",大里大明(服務中心),直營
台中市大里區中興路二段113-1號,"24.1038135,120.6888229",中興德芳(服務中心),直營
台中市大里區成功路533號,"24.0909991,120.7033351",大里成功(服務中心),直營
台中市大里區中興路二段235號,"24.1085124,120.68974730000002",大里_中興(特約服務中心)2,特約
台中市大里區中興路一段235號1樓,"24.090654,120.69239300000004",大里_中興二(特約服務中心),特約
台中市大里區塗城路657號1樓,"24.088680, 120.701618",大里_塗城(特約服務中心)3,特約
台中市霧峰區中正路920號,"24.0645946,120.69872069999997",霧峰_中正(特約服務中心)3,特約
台中市烏日區中山路一段328號,"24.1088105,120.64160429999993",烏日_中山(特約服務中心),特約
台中市東勢區豐勢路524號,"24.258916,120.8276098",東勢_豐勢(特約服務中心)1,特約
台中市后里區三豐路三段1142號,"24.3086993,120.72247289999996",后里_三豐(特約服務中心),特約
台中市潭子區勝利路276號,"24.2125036,120.7005438",潭子勝利(服務中心),直營
台中市潭子區雅潭路一段1之2號,"24.2165729,120.69763420000004",潭子_雅潭(特約服務中心)2,特約
台中市豐原區中正路254號,"24.251864,120.716497",豐原中正(服務中心),直營
台中市豐原區南陽路349號,"24.2461163,120.725625",豐原南陽(服務中心),直營
台中市豐原區中正路563號1樓,"24.2501982,120.7085371",豐原_中正(特約服務中心)2,特約
台中市豐原區向陽路282號1樓,"24.2513523,120.727971",豐原_向陽二(特約服務中心),特約
台中市大雅區中清路四段10號,"24.2259932,120.6451687",大雅中清(服務中心),直營
台中市大雅區民生路一段102-3號,"24.2267123,120.64854100000002",大雅_民生(特約服務中心)2,特約
台中市沙鹿區中山路461號,"24.2438412,120.5616233",台中沙鹿(服務中心),直營
台中市沙鹿區中山路314號,"24.2394297,120.56037000000003",沙鹿_中山(特約服務中心),特約
台中市龍井區新興路45-1號1樓,"24.1811856,120.5875686",東海新興(服務中心),直營
台中市龍井區台灣大道五段3巷6弄1號1樓,"24.1826117,120.5929294",台中_東海(特約服務中心)3,特約
台中市大甲區蔣公路132號,"24.3460571,120.62274830000001",大甲_蔣公(特約服務中心),特約
台中市清水區中山路279號,"24.26993,120.57558900000004",清水中山(服務中心),直營
彰化縣彰化市光復路173號1樓,"24.08095,120.53929500000004",彰化光復(服務中心),直營
彰化縣彰化市曉陽路151號,"24.072547,120.5384957",彰化曉陽(服務中心),直營
彰化縣彰化市彰美路一段161號,"24.0885184,120.5381688",彰化彰美(服務中心),直營
彰化縣鹿港鎮中山路187號,"24.0542855,120.4349961",鹿港中山(服務中心),直營
彰化縣鹿港鎮民權路10號1樓,"24.05886,120.43889420000005",鹿港_民權(特約服務中心)4,特約
彰化縣和美鎮彰美路六段56之4號,"24.1134142,120.4974544",彰化_和美(特約服務中心),特約
彰化縣員林市中山路一段717號,"23.956374,120.570713",員林中山(服務中心),直營
彰化縣員林市南昌路3號,"23.95461,120.57415900000001",員林_南昌(特約服務中心),特約
彰化縣員林市中正路563號,"23.9608709,120.57141000000001",員林_中正(特約服務中心)2,特約
彰化縣員林市新生路273號1樓,"23.962718,120.568651",員林_新生(特約服務中心),特約
彰化縣溪湖鎮西環路173號1樓,"23.9565299,120.47749899999997",溪湖_西環(特約服務中心)3,特約
彰化縣北斗鎮中華路249號,"23.872869,120.522461",北斗_中華(特約服務中心)2,特約
彰化縣田中鎮員集路二段370號1樓,"23.8583381,120.58562559999996",田中_員集(特約服務中心)2,特約
南投縣南投市文昌街66號,"23.9074966,120.6868699",南投_復興(特約服務中心),特約
南投縣南投市民族路240號,"23.9090201,120.6878109",南投_民族(特約服務中心)3,特約
南投縣草屯鎮中正路701號,"23.9803492,120.68431800000008",草屯中正(服務中心),直營
南投縣草屯鎮太平路二段291號,"23.976503,120.683722",草屯_太平(特約服務中心),特約
南投縣埔里鎮中正路455號,"23.966036,120.96619899999996",埔里_中正 (特約服務中心),特約
南投縣埔里鎮忠孝路125之1號1樓,"23.9622752,120.9699413",埔里_忠孝(特約服務中心),特約
嘉義市東區新生路760號1樓,"23.4952613,120.4555095",嘉義新生(服務中心),直營
嘉義市東區吳鳳南路581號,"23.4565369,120.4588291",嘉義後庄(服務中心),直營
嘉義市東區民族路69號,"23.4768921,120.4598499",嘉義_民族二(特約服務中心),特約
嘉義市西區垂楊路508號,"23.4737051,120.44752670000003",嘉義垂楊(服務中心),直營
嘉義市西區林森西路205號,"23.4832238,120.44624750000003",嘉義林森西(服務中心),直營
嘉義市西區民族路704號1樓,"23.475600,120.443263",嘉義_民族(特約服務中心)3,特約
嘉義縣朴子市文化北路2號1樓,"23.4639714,120.2415348",嘉義_朴子(特約服務中心),特約
嘉義縣民雄鄉文化路52號1樓,"23.554033,120.430109",嘉義_民雄(特約服務中心),特約
雲林縣斗南鎮中山路46號1樓,"23.674579,120.479858",斗南_中山(特約服務中心)2,特約
雲林縣虎尾鎮光復路316-1號,"23.710233,120.43833999999993",虎尾_光復(特約服務中心),特約
雲林縣斗六市民生路139號1樓,"23.710122,120.53934400000003",斗六民生(服務中心),直營
雲林縣斗六市鎮北路4號1樓,"23.711141, 120.543330",斗六_鎮北(特約服務中心)3,特約
雲林縣北港鎮大同路197號,"23.571825,120.30075970000007",北港大同(服務中心),直營
台南市中西區民族路二段55號,"22.994316,120.210235",台南民族(服務中心),直營
台南市中西區民族路二段417號,"22.997319,120.20065499999998",台南_民族(特約服務中心),特約
台南市中西區府前路二段185號1樓,"22.9913531,120.19261899999992",台南_府前(特約服務中心),特約
台南市南區永華路一段51號,"22.9873557,120.19613260000006",台南永華(服務中心),直營
台南市南區金華路一段440號,"22.9718429,120.19062580000002",台南金華(服務中心),直營
台南市南區金華路二段160號1樓,"22.9795639,120.1913004",金華新孝(服務中心),直營
台南市北區文賢路633號,"23.0133488,120.1937613",台南文賢(服務中心),直營
台南市北區開元路339-1號,"23.0084936,120.2221742",台南開元(服務中心),直營
台南市北區公園路591之46號,"23.0131945,120.2116654",台南公園(服務中心),直營
台南市東區崇學路127號1樓,"22.978935, 120.222411",台南崇學(服務中心),直營
台南市東區大同路二段95號之1,"22.979009,120.21324070000003",台南大同(服務中心),直營
台南市東區東寧路434號,"22.989973, 120.228878",台南東寧(服務中心),直營
台南市東區東門路二段125號,"22.9857011,120.22207",台南東門(服務中心),直營
台南市東區仁和路95號,"22.9722933,120.2324387",台南仁和(服務中心),直營
台南市東區崇德路639號,"22.970945,120.227753",台南_崇德(特約服務中心),特約
台南市東區東寧路69號1樓,"22.9920351,120.22219100000007",台南_東寧三(特約服務中心),特約
台南市安平區華平路559號1樓,"22.994895,120.1755807",台南_華平(特約服務中心),特約
台南市安南區海佃路一段244號1樓,"23.0263341,120.1913164",台南海佃(服務中心),直營
台南市安南區安和路五段122號,"23.0654796,120.21840369999995",台南安和(服務中心),直營
台南市安南區安中路一段721號,"23.0439962,120.1939837",安南安中(服務中心),直營
台南市安南區安和路一段277號,"23.032136,120.2125427",台南安和二(服務中心),直營
台南市永康區中山南路75號,"23.0125812,120.22770660000003",永康中山(服務中心),直營
台南市永康區大灣路824號,"23.0001579,120.2581116",永康大灣(服務中心),直營
台南市永康區中華路146號,"23.003277,120.23551299999997",永康中華(服務中心),直營
台南市永康區中山南路1006號1樓,"23.0250744,120.2549441",永康農會(服務中心),直營
台南市永康區復國一路332-1號,"23.0107048,120.2464816",永康復國(服務中心),直營
台南市永康區大灣路274號1樓,"23.00766,120.267818",永康_大灣廟(特約服務中心),特約
台南市永康區中正北路80號1樓,"23.0415322,120.2409899",永康_中正北(特約服務中心)3,特約
台南市永康區永大路二段大安街488號,"23.0139318,120.26385729999993",永康_永大(特約服務中心),特約
台南市歸仁區中山路一段564號,"22.9667394,120.29471239999998",歸仁中山(服務中心),直營
台南市仁德區中山路475號,"22.9713292,120.2547329",台南仁德(服務中心),直營
台南市仁德區中山路560號,"22.9715715,120.2524176",仁德_中山(特約服務中心),特約
台南市麻豆區中山路163號,"23.1838597,120.2433873",麻豆中山(服務中心),直營
台南市佳里區延平路241號1樓,"23.160006,120.17834300000004",佳里_延平(特約服務中心)2,特約
台南市佳里區延平路4號,"23.1537241,120.1796198",佳里_延平二(特約服務中心),特約
台南市新營區民治路338號1樓,"23.306036,120.30326400000001",新營民治(服務中心),直營
台南市新營區中山路185號1樓,"23.3034315,120.3152734",新營_中山(特約服務中心)3,特約
台南市善化區中山路226之1號,"23.185220, 120.241501",善化_中山(特約服務中心)3,特約
高雄市新興區新田路179號,"22.6219664,120.3027402",高雄新田(服務中心),直營
高雄市新興區林森一路245之1號1樓,"22.6349926,120.3049606",高雄_林森二(特約服務中心),特約
高雄市新興區林森一路190號,"22.6317762,120.30478100000005",高雄_林森(特約服務中心)3,特約
台南市新市區中正路321之2號1樓,"23.079721,120.294094",新市_中正(特約服務中心),特約
高雄市前金區中華三路216號,"22.6313456,120.29528970000001",高雄中華(服務中心),直營
高雄市苓雅區廣州一街157號,"22.627414,120.31576159999997",高雄文化中心(服務中心),直營
高雄市苓雅區武廟路118-7號,"22.6308255,120.3292411",高雄武廟(服務中心),直營
高雄市苓雅區三多一路271號,"22.6220547,120.3296595",苓雅三多(服務中心),直營
高雄市苓雅區四維二路255號1樓,"22.6216391,120.3169769",高雄_四維二(特約服務中心),特約
高雄市苓雅區成功一路269號1樓,"22.6201725,120.2953113",高雄_成功(特約服務中心)2,特約
高雄市苓雅區三多三路78號1樓,"22.616576,120.311871",高雄_三多二(特約服務中心)2,特約
高雄市鹽埕區五福四路121號1樓,"22.6230324,120.2847939",鹽埕_五福(特約服務中心)2,特約
高雄市鼓山區明誠三路704、706號,"22.6613105,120.29726989999995",高雄明誠(服務中心),直營
高雄市鼓山區裕誠路1107號1樓,"22.6657186,120.29856040000004",高雄_裕誠(特約服務中心),特約
高雄市鼓山區華榮路370號1樓,"22.6679399,120.2957214",高雄_華榮(特約服務中心)2,特約
高雄市前鎮區三多三路179號,"22.6151169,120.3080541",高雄三多(服務中心),直營
高雄市前鎮區草衙二路463號,"22.57994,120.32301400000006",高雄草衙(服務中心),直營
高雄市前鎮區瑞隆路609號,"22.6051173,120.3258145",前鎮瑞隆(服務中心),直營
高雄市前鎮區民權2路351號1樓,"22.610523,120.31280700000002",高雄_民權(特約服務中心),特約
高雄市前鎮區瑞隆路411號,"22.605253,120.330069",高雄_瑞隆(特約服務中心)2,特約
高雄市三民區大順二路722號1樓,"22.653613,120.31917999999996",高雄大順(服務中心),直營
高雄市三民區自由一路109/111號,"22.643871,120.30848100000003",高雄高醫(服務中心),直營
高雄市三民區大昌二路212號,"22.6445922,120.3320669",三民大昌(服務中心),直營
高雄市三民區陽明路103號,"22.6401022,120.3415437",高雄陽明(服務中心),直營
高雄市三民區熱河一街401號,"22.6438739,120.304777",高雄熱河(服務中心),直營
高雄市三民區建工路504號1樓,"22.6509338,120.3265532",三民建工(服務中心),直營
高雄市三民區裕誠路90號,"22.6639843,120.3133798",三民裕誠(服務中心),直營
高雄市三民區建工路726號1樓,"22.648686,120.319974",三民_建工二(特約服務中心),特約
高雄市三民區自立一路240號1樓,"22.6421243,120.2962396",三民_自立(特約服務中心),特約
高雄市三民區建興路178號1樓,"22.6439711,120.3256459",三民_建興(特約服務中心),特約
高雄市三民區大昌二路493號1樓,"22.650807,120.33091739999998",高雄_大昌(特約服務中心),特約
高雄市三民區天祥一路179之3號1樓,"22.667650,120.318480",高雄_天祥(特約服務中心)2,特約
高雄市楠梓區軍校路979巷1號,"22.7120228,120.2917946",楠梓軍校(服務中心),直營
高雄市楠梓區楠梓新路216號,"22.727433,120.325691",高雄_楠梓新(特約服務中心),特約
高雄市楠梓區建楠路6號1樓,"22.727467,120.32937300000003",高雄_建楠(特約服務中心),特約
高雄市楠梓區德賢路271號,"22.7261601,120.303807",高雄_德賢(特約服務中心),特約
高雄市楠梓區後昌路755號,"22.7099505,120.296292",高雄_後昌(特約服務中心)3,特約
高雄市小港區漢民路204號,"22.565194,120.35155399999996",高雄漢民(服務中心),直營
高雄市小港區金府路85號,"22.567681,120.35449300000005",高雄_金府(特約服務中心),特約
高雄市小港區漢民路523號,"22.567016,120.35926900000004",高雄_漢民(特約服務中心),特約
高雄市小港區桂陽路36號1樓,"22.581935,120.357566",小港_桂陽(特約服務中心)2,特約
高雄市左營區自由二路331/333號,"22.664613,120.30814699999996",高雄自由(服務中心),直營
高雄市左營區華夏路1170號,"22.684314,120.30944399999998",高雄華夏(服務中心),直營
高雄市左營區左營大路14-8號1F,"22.6802202,120.2875433",左營大路(服務中心),直營
高雄市左營區榮總路11號,"22.678137,120.321827",高雄榮總(服務中心),直營
高雄市左營區崇德路271號1樓,"22.6756199,120.303628",左營_崇德(特約服務中心),特約
高雄市左營區左營大路276號,"22.685929,120.29081300000007",高雄_左營(特約服務中心),特約
高雄市左營區華夏路665號1樓,"22.677583,120.30159730000003",高雄_華夏二(特約服務中心),特約
高雄市仁武區仁雄路143號,"22.6763985,120.33983850000004",仁武仁雄(服務中心),直營
高雄市仁武區仁雄路13之11號1樓,"22.681092,120.3542609",仁武_八卦寮(特約服務中心)3,特約
高雄市大社區中山路373號,"22.731371,120.351999",大社_中山(特約服務中心)2,特約
高雄市岡山區岡山路392號,"22.7949525,120.295842",岡山_岡山(特約服務中心),特約
高雄市岡山區仁壽路21號1樓,"22.7929983,120.2876739",岡山_仁壽(特約服務中心),特約
高雄市岡山區壽天路67號1樓,"22.7958508,120.2921782",岡山_壽天(特約服務中心)2,特約
高雄市路竹區中山路1177號1樓,"22.8547542,120.2612272",路竹_中山二(特約服務中心)2,特約
高雄市橋頭區隆豐路234號1樓,"22.7537005,120.3073737",橋頭_隆豐(特約服務中心),特約
高雄市鳳山區中山西路295、297號,"22.627872,120.34715589999996",鳳山中山西(服務中心),直營
高雄市鳳山區南華路172號,"22.6026236,120.33814",鳳山南華(服務中心),直營
高雄市鳳山區中山路105之1號1樓,"22.6219609,120.3593853",鳳山中山(服務中心),直營
高雄市鳳山區中山西路2-7號,"22.62629,120.355278",鳳山_中山西 (特約服務中心)new,特約
高雄市鳳山區青年路二段362之2號1樓,"22.6419613,120.35135660000003",鳳山_青年(特約服務中心),特約
高雄市鳳山區五甲二路695號,"22.5938901,120.32915179999998",鳳山_五甲二(特約服務中心)1,特約
高雄市鳳山區五甲二路415號1樓,"22.597181,120.334835",高雄_五甲(特約服務中心),特約
高雄市鳳山區中山路6號1樓,"22.6209407,120.36224100000004",鳳山_中山二(特約服務中心),特約
高雄市鳳山區大明路18號1樓,"22.6065716,120.34192659999997",鳳山_大明(特約服務中心),特約
高雄市鳳山區光遠路114號1樓,"22.624474,120.365456",鳳山_光遠(特約服務中心),特約
高雄市鳳山區武慶二路108號1樓,"22.612561,120.332855",鳳山_武慶二(特約服務中心)1,特約
高雄市大寮區鳳屏一路259號,"22.6357886,120.39149180000004",大寮_鳳屏(特約服務中心),特約
高雄市大寮區鳳林三路776之12號1樓,"22.6104469,120.39307080000003",大寮_鳳林二(特約服務中心),特約
高雄市林園區東林西路65號,"22.5040299,120.3939384",高雄林園(服務中心),直營
高雄市林園區林園北路357號1樓,"22.5098283,120.39460910000003",林園_林園北(特約服務中心),特約
高雄市旗山區延平一路568號1樓,"22.8875589,120.48298790000001",旗山_延平(特約服務中心)2,特約
屏東縣屏東市民生路180-7號1樓,"22.6696528,120.49391360000004",屏東民生(服務中心),直營
屏東縣屏東市廣東路118號,"22.673721, 120.499872",屏東陸興(服務中心),直營
屏東縣屏東市自由路456-1號1樓,"22.6830972,120.49152230000004",屏東_自由(特約服務中心)2,特約
屏東縣屏東市博愛路336號1樓,"22.68278,120.480966",屏東_博愛(特約服務中心),特約
屏東縣內埔鄉廣濟路343號1樓,"22.6165509,120.5658403",內埔_廣濟(特約服務中心)4,特約
屏東縣萬丹鄉萬丹路一段370號,"22.591818,120.4889875",萬丹_萬丹(特約服務中心),特約
屏東縣潮州鎮中正路14號1樓,"22.5524443,120.5770177",潮州_中正(特約服務中心)2,特約
屏東縣東港鎮中正路238號,"22.4808252,120.46716630000003",東港_中正(特約服務中心)2,特約
屏東縣枋寮鄉中山路216號1樓,"22.3840888,120.59529410000005",枋寮_中山(特約服務中心),特約
屏東縣恆春鎮省北路50號2樓,"22.010175,120.74417700000004",恆春_省北 (特約服務中心),特約
花蓮縣花蓮市中華路54號1樓,"23.9761486,121.60776950000002",花蓮中華(服務中心),直營
花蓮縣花蓮市中山路467號及467之1號,"23.983636,121.603958",花蓮中山(服務中心),直營
澎湖縣馬公市中華路64號,"23.5704541,119.5718522",馬公_中華(特約服務中心)2,特約
